,Segmentation,Obs,Customer,I.tend.to.plan.things.very.carefully.,I.sometimes.have.trouble.controlling.my.spending.,I.think.it.is.important.to.purchase.products.that.are.made.locally.,I.carefully.consider.the.health.benefits.of.what.I.eat.,Segment,Please indicate how important the following factors are when you visit a restaurant - Convenient,Please indicate how important the following factors are when you visit a restaurant - Variety,Please indicate how important the following factors are when you visit a restaurant - Value,Please indicate how important the following factors are when you visit a restaurant - Healthy,Please indicate how important the following factors are when you visit a restaurant - Taste,Please indicate how important the following factors are when you visit a restaurant - Staff,Please indicate how important the following factors are when you visit a restaurant - Ambiance,Please indicate how important the following factors are when you visit a restaurant - Consistency,Please indicate how important the following factors are when you visit a restaurant - Community,Please indicate how important the following factors are when you visit a restaurant - Other,What is your gender?,What is your age?,What is your approximate average annual household income?,How would you best describe your household type?
0,Seg3,2,0,1,2,3,2,1.0,,,,,,,,,,,,,,
1,Seg3,3,0,1,3,3,2,1.0,2.0,1.0,1.0,2.0,1.0,1.0,1.0,1.0,3.0,,1.0,1.0,1.0,2.0
2,Seg1,4,0,2,4,3,2,2.0,1.0,2.0,1.0,2.0,1.0,1.0,1.0,1.0,1.0,,1.0,3.0,2.0,1.0
3,Seg1,5,0,2,4,1,2,5.0,1.0,1.0,1.0,2.0,1.0,2.0,4.0,4.0,5.0,,1.0,2.0,1.0,1.0
4,Seg1,10,0,2,4,2,3,2.0,1.0,1.0,1.0,2.0,1.0,1.0,1.0,1.0,3.0,,1.0,1.0,1.0,2.0
5,Seg1,12,0,2,4,2,1,5.0,,,,,,,,,,,,,,
6,Seg3,13,0,2,2,3,3,1.0,1.0,1.0,1.0,1.0,1.0,2.0,2.0,1.0,3.0,,1.0,3.0,1.0,2.0
7,Seg2,17,0,1,2,1,1,5.0,1.0,2.0,1.0,1.0,1.0,2.0,2.0,1.0,2.0,,1.0,2.0,2.0,3.0
8,Seg3,18,0,3,3,2,3,1.0,1.0,1.0,1.0,1.0,1.0,1.0,1.0,1.0,1.0,,1.0,2.0,1.0,2.0
9,Seg1,20,0,1,4,3,2,2.0,,,,,,,,,,,,,,
10,Seg1,21,0,2,4,2,2,2.0,1.0,1.0,1.0,3.0,1.0,1.0,1.0,1.0,3.0,,1.0,2.0,2.0,1.0
11,Seg1,22,0,2,4,2,3,2.0,1.0,2.0,2.0,3.0,1.0,2.0,3.0,2.0,2.0,,1.0,2.0,2.0,2.0
12,Seg2,24,0,1,4,2,1,3.0,,,,,,,,,,,,,,
13,Seg1,25,0,2,3,2,2,2.0,3.0,4.0,2.0,1.0,1.0,2.0,2.0,1.0,3.0,,2.0,1.0,2.0,1.0
14,Seg2,26,0,1,3,2,1,3.0,1.0,2.0,2.0,2.0,1.0,1.0,2.0,1.0,2.0,,2.0,3.0,3.0,2.0
15,Seg1,28,0,2,4,2,1,3.0,,,,,,,,,,,,,,
16,Seg2,29,0,2,2,1,2,5.0,2.0,2.0,2.0,2.0,1.0,2.0,2.0,1.0,1.0,,2.0,2.0,2.0,2.0
17,Seg1,30,0,2,4,2,2,2.0,1.0,1.0,1.0,5.0,1.0,1.0,1.0,1.0,3.0,,1.0,3.0,1.0,2.0
18,Seg3,31,0,1,3,3,2,1.0,3.0,2.0,1.0,1.0,2.0,2.0,2.0,2.0,2.0,,2.0,3.0,2.0,2.0
19,Seg2,32,0,2,2,1,2,4.0,1.0,1.0,1.0,2.0,1.0,1.0,1.0,1.0,1.0,,1.0,2.0,1.0,1.0
20,Seg1,34,0,1,4,2,2,2.0,,,,,,,,,,,,,,
21,Seg1,38,0,3,4,2,2,4.0,,,,,,,,,,,,,,
22,Seg1,40,0,3,3,2,1,3.0,2.0,2.0,1.0,1.0,1.0,1.0,2.0,2.0,2.0,,1.0,1.0,1.0,1.0
23,Seg2,41,0,1,4,2,1,3.0,3.0,2.0,1.0,1.0,1.0,2.0,1.0,2.0,3.0,,1.0,3.0,2.0,2.0
24,Seg2,42,0,1,3,2,1,3.0,2.0,2.0,1.0,1.0,2.0,2.0,2.0,2.0,2.0,,1.0,2.0,2.0,2.0
25,Seg3,43,0,2,4,2,4,1.0,1.0,1.0,1.0,2.0,1.0,1.0,1.0,1.0,2.0,Cleanliness,2.0,2.0,1.0,2.0
26,Seg1,45,0,2,3,2,2,2.0,2.0,2.0,2.0,1.0,1.0,2.0,1.0,1.0,2.0,Clean,,,,
27,Seg2,46,0,2,2,1,2,4.0,1.0,2.0,1.0,3.0,1.0,1.0,1.0,1.0,2.0,,1.0,2.0,1.0,1.0
28,Seg1,48,0,4,3,2,2,3.0,,,,,,,,,,,,,,
29,Seg2,49,0,1,2,1,2,4.0,1.0,2.0,1.0,1.0,1.0,1.0,2.0,1.0,2.0,,1.0,2.0,3.0,2.0
30,Seg1,50,0,2,3,2,2,2.0,1.0,1.0,1.0,2.0,1.0,1.0,1.0,1.0,3.0,,1.0,4.0,1.0,1.0
31,Seg1,51,0,2,4,1,2,2.0,2.0,2.0,2.0,2.0,1.0,2.0,2.0,2.0,2.0,,1.0,3.0,3.0,2.0
32,Seg1,52,0,1,4,2,2,3.0,1.0,2.0,1.0,3.0,1.0,1.0,2.0,3.0,3.0,,2.0,1.0,1.0,1.0
33,Seg3,53,0,2,3,2,3,1.0,1.0,2.0,2.0,4.0,2.0,3.0,3.0,1.0,5.0,,1.0,3.0,2.0,1.0
34,Seg2,58,0,1,2,2,2,4.0,,,,,,,,,,,,,,
35,Seg1,59,0,3,3,1,3,2.0,1.0,2.0,2.0,2.0,1.0,1.0,2.0,2.0,2.0,,2.0,2.0,1.0,1.0
36,Seg1,60,0,1,4,2,2,3.0,2.0,1.0,1.0,4.0,1.0,1.0,2.0,2.0,2.0,,1.0,3.0,1.0,1.0
37,Seg3,61,0,2,4,2,4,1.0,2.0,2.0,1.0,2.0,2.0,1.0,2.0,1.0,2.0,,1.0,3.0,1.0,1.0
38,Seg1,62,0,2,4,2,1,3.0,2.0,2.0,1.0,5.0,1.0,2.0,2.0,2.0,3.0,,1.0,3.0,1.0,1.0
39,Seg1,63,0,2,4,2,2,2.0,3.0,1.0,1.0,1.0,1.0,1.0,1.0,1.0,2.0,,1.0,4.0,2.0,1.0
40,Seg1,64,0,2,3,2,2,2.0,1.0,1.0,1.0,2.0,1.0,1.0,1.0,1.0,2.0,,1.0,3.0,1.0,2.0
41,Seg1,65,0,2,4,1,2,2.0,2.0,1.0,1.0,1.0,1.0,2.0,2.0,2.0,3.0,,2.0,2.0,2.0,2.0
42,Seg3,67,0,2,2,3,4,1.0,,,,,,,,,,,,,,
43,Seg3,68,0,2,2,2,2,4.0,1.0,1.0,1.0,2.0,1.0,2.0,2.0,1.0,5.0,,1.0,1.0,2.0,2.0
44,Seg3,70,0,1,3,2,3,1.0,,,,,,,,,,,,,,
45,Seg3,72,0,2,2,3,3,1.0,,,,,,,,,,,,,,
46,Seg3,73,0,3,2,2,2,3.0,1.0,1.0,1.0,3.0,1.0,2.0,2.0,1.0,3.0,,2.0,3.0,2.0,2.0
47,Seg2,75,0,1,3,2,2,2.0,2.0,1.0,1.0,3.0,1.0,1.0,1.0,1.0,3.0,,,,,
48,Seg3,77,0,2,2,2,2,4.0,,,,,,,,,,,,,,
49,Seg3,78,0,3,3,2,3,1.0,3.0,1.0,1.0,2.0,1.0,1.0,1.0,2.0,2.0,,1.0,3.0,1.0,2.0
50,Seg3,79,0,2,3,3,3,1.0,2.0,3.0,2.0,4.0,1.0,3.0,3.0,2.0,3.0,,2.0,1.0,2.0,2.0
51,Seg1,80,0,2,4,2,2,2.0,2.0,2.0,2.0,2.0,2.0,2.0,2.0,2.0,3.0,,1.0,3.0,1.0,1.0
52,Seg2,82,0,2,2,2,1,3.0,,,,,,,,,,,,,,
53,Seg3,87,0,3,2,2,2,4.0,1.0,2.0,1.0,1.0,1.0,1.0,2.0,1.0,2.0,,1.0,2.0,1.0,2.0
54,Seg3,88,0,2,3,4,2,3.0,2.0,1.0,1.0,2.0,1.0,1.0,1.0,1.0,2.0,,1.0,3.0,1.0,2.0
55,Seg3,89,0,2,1,2,2,4.0,1.0,2.0,1.0,2.0,1.0,1.0,1.0,1.0,3.0,,1.0,1.0,1.0,1.0
56,Seg3,90,0,3,2,2,2,4.0,1.0,1.0,1.0,2.0,1.0,2.0,2.0,1.0,2.0,,1.0,1.0,2.0,2.0
57,Seg2,91,0,2,3,1,1,2.0,2.0,2.0,2.0,2.0,1.0,1.0,1.0,1.0,3.0,,1.0,1.0,1.0,3.0
58,Seg3,92,0,2,2,3,2,1.0,2.0,1.0,1.0,2.0,1.0,1.0,2.0,1.0,2.0,,1.0,2.0,1.0,2.0
59,Seg1,93,0,2,4,2,2,2.0,2.0,1.0,1.0,2.0,2.0,2.0,3.0,2.0,3.0,,1.0,2.0,1.0,2.0
60,Seg2,94,0,1,2,3,1,3.0,1.0,2.0,1.0,2.0,2.0,2.0,2.0,2.0,1.0,,1.0,3.0,1.0,1.0
61,Seg2,95,0,1,2,2,1,4.0,1.0,1.0,1.0,1.0,1.0,1.0,1.0,1.0,1.0,,1.0,2.0,1.0,2.0
62,Seg3,99,0,2,2,2,2,4.0,1.0,2.0,1.0,1.0,1.0,2.0,2.0,1.0,1.0,,1.0,3.0,1.0,1.0
63,Seg3,101,0,2,2,3,3,1.0,,,,,,,,,,,,,,
64,Seg1,102,0,2,3,2,2,2.0,1.0,2.0,1.0,2.0,1.0,2.0,2.0,2.0,2.0,,1.0,3.0,1.0,1.0
65,Seg3,103,0,3,1,2,2,4.0,1.0,1.0,1.0,2.0,1.0,1.0,2.0,1.0,2.0,,1.0,3.0,1.0,1.0
66,Seg1,104,0,4,3,1,1,3.0,1.0,1.0,1.0,1.0,1.0,1.0,1.0,1.0,,,1.0,2.0,1.0,1.0
67,Seg3,105,0,3,1,1,2,5.0,1.0,1.0,1.0,1.0,1.0,1.0,1.0,1.0,,,1.0,3.0,2.0,2.0
68,Seg3,106,0,2,1,4,3,1.0,3.0,2.0,1.0,1.0,1.0,1.0,1.0,1.0,1.0,,2.0,4.0,1.0,2.0
69,Seg2,107,0,1,2,2,1,5.0,1.0,2.0,1.0,4.0,1.0,1.0,1.0,1.0,1.0,,1.0,1.0,2.0,2.0
70,Seg1,108,0,2,3,2,1,2.0,1.0,1.0,1.0,1.0,1.0,1.0,1.0,1.0,1.0,,1.0,3.0,1.0,2.0
71,Seg3,109,0,2,3,4,2,1.0,2.0,2.0,1.0,2.0,1.0,2.0,2.0,1.0,3.0,,1.0,1.0,3.0,2.0
72,Seg1,110,0,3,4,3,2,1.0,1.0,1.0,1.0,1.0,1.0,1.0,1.0,3.0,3.0,,1.0,2.0,2.0,2.0
73,Seg1,111,0,2,3,2,1,3.0,3.0,2.0,2.0,3.0,1.0,1.0,1.0,1.0,3.0,,1.0,3.0,3.0,2.0
74,Seg1,112,0,1,4,3,2,3.0,1.0,1.0,1.0,1.0,1.0,1.0,2.0,2.0,3.0,,1.0,3.0,2.0,1.0
75,Seg2,113,0,1,2,3,1,4.0,1.0,1.0,1.0,3.0,1.0,1.0,2.0,2.0,3.0,,1.0,2.0,2.0,2.0
76,Seg2,114,0,2,2,1,2,4.0,1.0,2.0,1.0,1.0,1.0,1.0,1.0,1.0,2.0,,1.0,3.0,2.0,3.0
77,Seg2,115,0,1,4,2,1,3.0,2.0,1.0,1.0,1.0,1.0,1.0,1.0,1.0,1.0,,2.0,3.0,2.0,2.0
78,Seg3,116,0,3,3,2,3,1.0,3.0,1.0,1.0,1.0,1.0,1.0,2.0,1.0,3.0,,1.0,1.0,1.0,1.0
79,Seg2,118,0,1,1,2,2,4.0,,,,,,,,,,,,,,
80,Seg1,119,0,1,4,2,2,3.0,1.0,1.0,2.0,2.0,1.0,1.0,1.0,2.0,2.0,,1.0,2.0,2.0,2.0
81,Seg3,122,0,1,2,2,4,1.0,2.0,2.0,1.0,2.0,1.0,2.0,2.0,3.0,3.0,,,,,
82,Seg2,123,0,1,3,2,2,3.0,1.0,1.0,1.0,3.0,1.0,1.0,2.0,1.0,3.0,,1.0,2.0,2.0,2.0
83,Seg2,124,0,1,2,1,2,5.0,1.0,2.0,1.0,2.0,1.0,2.0,2.0,2.0,3.0,,1.0,3.0,1.0,2.0
84,Seg3,125,0,2,2,2,2,4.0,2.0,1.0,1.0,2.0,1.0,2.0,2.0,1.0,2.0,,1.0,1.0,1.0,3.0
85,Seg3,126,0,2,2,2,2,4.0,3.0,3.0,3.0,3.0,3.0,3.0,3.0,3.0,3.0,,1.0,3.0,1.0,2.0
86,Seg2,127,0,1,1,1,2,4.0,1.0,1.0,2.0,2.0,2.0,2.0,2.0,2.0,2.0,,1.0,2.0,2.0,2.0
87,Seg1,128,0,2,3,2,2,2.0,1.0,1.0,1.0,1.0,1.0,1.0,1.0,1.0,1.0,,1.0,3.0,1.0,2.0
88,Seg1,129,0,2,3,2,1,3.0,2.0,2.0,1.0,1.0,1.0,2.0,2.0,2.0,2.0,,1.0,4.0,1.0,1.0
89,Seg3,130,0,2,3,2,3,1.0,3.0,2.0,2.0,2.0,1.0,1.0,2.0,1.0,3.0,,1.0,3.0,1.0,2.0
90,Seg1,131,0,2,3,2,2,2.0,1.0,1.0,2.0,4.0,1.0,1.0,1.0,1.0,1.0,,1.0,4.0,2.0,2.0
91,Seg2,132,0,1,3,2,1,3.0,2.0,2.0,1.0,1.0,1.0,2.0,2.0,2.0,3.0,,1.0,1.0,1.0,1.0
92,Seg2,134,0,1,2,2,1,5.0,,,,,,,,,,,,,,
93,Seg2,135,0,1,2,2,1,5.0,1.0,1.0,1.0,1.0,1.0,1.0,1.0,2.0,2.0,,1.0,2.0,1.0,2.0
94,Seg3,137,0,1,2,2,3,1.0,2.0,2.0,1.0,3.0,1.0,3.0,3.0,2.0,3.0,,1.0,1.0,1.0,1.0
95,Seg3,138,0,2,2,2,2,4.0,2.0,2.0,3.0,3.0,1.0,3.0,3.0,2.0,5.0,,1.0,2.0,3.0,2.0
96,Seg3,139,0,1,2,2,3,1.0,2.0,2.0,2.0,2.0,2.0,2.0,2.0,2.0,2.0,,1.0,3.0,3.0,1.0
97,Seg2,140,0,1,4,1,1,5.0,2.0,1.0,1.0,2.0,1.0,1.0,2.0,1.0,3.0,,1.0,3.0,1.0,2.0
98,Seg1,141,0,2,3,2,2,2.0,1.0,1.0,1.0,1.0,1.0,1.0,1.0,1.0,1.0,,1.0,2.0,1.0,2.0
99,Seg3,142,0,3,2,2,2,4.0,2.0,2.0,2.0,3.0,2.0,1.0,1.0,1.0,,,1.0,3.0,1.0,2.0
100,Seg2,143,0,1,2,2,1,5.0,2.0,3.0,1.0,2.0,2.0,2.0,2.0,2.0,2.0,,1.0,3.0,1.0,2.0
101,Seg3,144,0,2,2,2,2,4.0,2.0,1.0,1.0,1.0,1.0,1.0,1.0,2.0,1.0,,1.0,3.0,2.0,2.0
102,Seg3,145,0,1,3,2,3,1.0,2.0,2.0,1.0,2.0,1.0,1.0,1.0,1.0,2.0,,1.0,3.0,2.0,2.0
103,Seg3,147,0,3,1,3,2,1.0,,,,,,,,,,,,,,
104,Seg3,148,0,2,1,2,2,4.0,1.0,2.0,1.0,5.0,1.0,3.0,3.0,3.0,5.0,,2.0,2.0,2.0,2.0
105,Seg1,149,0,1,4,3,1,4.0,2.0,2.0,1.0,2.0,1.0,2.0,2.0,1.0,3.0,,1.0,3.0,3.0,2.0
106,Seg3,150,0,2,1,3,3,1.0,2.0,1.0,1.0,1.0,1.0,1.0,1.0,1.0,2.0,,1.0,2.0,1.0,2.0
107,Seg1,152,0,1,4,2,2,3.0,,,,,,,,,,,,,,
108,Seg1,153,0,2,3,2,2,2.0,2.0,1.0,2.0,4.0,1.0,2.0,2.0,1.0,3.0,,1.0,2.0,3.0,2.0
109,Seg2,154,0,2,2,1,2,4.0,2.0,2.0,2.0,2.0,2.0,2.0,2.0,2.0,2.0,,1.0,3.0,2.0,2.0
110,Seg2,156,0,1,1,1,1,5.0,6.0,6.0,6.0,6.0,6.0,6.0,6.0,6.0,6.0,,,,,
111,Seg3,157,0,3,2,3,3,1.0,1.0,1.0,1.0,1.0,2.0,2.0,2.0,2.0,2.0,,2.0,2.0,2.0,2.0
112,Seg1,158,0,2,3,2,2,2.0,1.0,1.0,1.0,1.0,1.0,1.0,1.0,1.0,2.0,,1.0,2.0,2.0,2.0
113,Seg2,160,0,2,2,2,1,4.0,1.0,1.0,1.0,3.0,1.0,2.0,2.0,1.0,2.0,,1.0,3.0,1.0,2.0
114,Seg1,161,0,2,3,2,1,3.0,3.0,3.0,3.0,3.0,3.0,3.0,3.0,3.0,3.0,,1.0,3.0,1.0,1.0
115,Seg3,162,0,2,2,3,2,1.0,2.0,2.0,1.0,1.0,1.0,1.0,1.0,1.0,2.0,,1.0,3.0,2.0,2.0
116,Seg1,163,0,1,4,2,2,3.0,2.0,2.0,2.0,3.0,2.0,3.0,4.0,2.0,5.0,,2.0,4.0,2.0,1.0
117,Seg3,165,0,2,3,2,3,1.0,,,,,,,,,,,,,,
118,Seg3,167,0,3,2,3,3,1.0,,,,,,,,,,,,,,
119,Seg2,168,0,1,4,2,1,3.0,4.0,1.0,1.0,4.0,1.0,3.0,3.0,1.0,4.0,,1.0,1.0,1.0,2.0
120,Seg3,169,0,2,3,2,3,1.0,1.0,1.0,2.0,1.0,1.0,1.0,1.0,1.0,3.0,,1.0,4.0,1.0,2.0
121,Seg3,170,0,2,3,3,2,3.0,3.0,2.0,1.0,2.0,1.0,2.0,3.0,1.0,2.0,,1.0,2.0,1.0,2.0
122,Seg1,172,0,2,3,2,2,2.0,,,,,,,,,,,,,,
123,Seg2,173,0,1,1,2,2,4.0,2.0,1.0,1.0,3.0,1.0,2.0,2.0,1.0,3.0,,1.0,1.0,1.0,1.0
124,Seg3,174,0,1,4,4,2,1.0,1.0,1.0,1.0,2.0,1.0,1.0,1.0,1.0,1.0,,1.0,1.0,2.0,2.0
125,Seg1,175,0,2,3,2,1,3.0,2.0,1.0,1.0,3.0,1.0,2.0,2.0,2.0,1.0,,1.0,4.0,3.0,2.0
126,Seg2,176,0,1,2,2,2,4.0,1.0,1.0,1.0,2.0,1.0,1.0,1.0,1.0,1.0,,1.0,3.0,1.0,1.0
127,Seg3,177,0,2,2,2,2,4.0,1.0,2.0,1.0,1.0,1.0,1.0,1.0,1.0,1.0,,1.0,4.0,1.0,1.0
128,Seg3,178,0,2,2,2,2,4.0,2.0,2.0,3.0,1.0,1.0,1.0,1.0,1.0,2.0,,1.0,3.0,3.0,2.0
129,Seg2,179,0,1,3,2,2,3.0,2.0,2.0,1.0,2.0,2.0,1.0,2.0,1.0,1.0,,1.0,3.0,1.0,2.0
130,Seg2,180,0,1,1,2,2,4.0,1.0,2.0,1.0,2.0,1.0,2.0,2.0,1.0,2.0,,1.0,3.0,1.0,2.0
131,Seg2,182,0,1,3,2,1,3.0,6.0,,1.0,,2.0,,1.0,6.0,,,2.0,4.0,3.0,3.0
132,Seg1,183,0,3,3,2,2,2.0,2.0,2.0,1.0,2.0,1.0,1.0,1.0,1.0,2.0,,1.0,3.0,2.0,2.0
133,Seg1,184,0,2,4,2,2,2.0,2.0,3.0,2.0,3.0,2.0,2.0,3.0,2.0,2.0,,1.0,3.0,1.0,2.0
134,Seg2,185,0,1,4,1,1,3.0,2.0,2.0,2.0,2.0,2.0,2.0,2.0,2.0,2.0,,1.0,3.0,2.0,1.0
135,Seg1,186,0,2,4,2,2,2.0,1.0,1.0,1.0,1.0,1.0,1.0,1.0,1.0,3.0,,1.0,4.0,1.0,2.0
136,Seg3,187,0,2,3,2,3,1.0,1.0,1.0,1.0,2.0,1.0,1.0,1.0,1.0,2.0,,1.0,3.0,2.0,2.0
137,Seg1,189,0,1,4,2,3,,,,,,,,,,,,,,,
138,Seg2,190,0,1,3,2,2,3.0,2.0,1.0,1.0,2.0,1.0,1.0,1.0,1.0,3.0,,1.0,2.0,1.0,1.0
139,Seg1,191,0,2,4,2,1,3.0,3.0,2.0,2.0,2.0,1.0,1.0,2.0,1.0,3.0,,1.0,3.0,1.0,1.0
140,Seg2,192,0,2,2,1,1,5.0,2.0,2.0,2.0,1.0,1.0,1.0,1.0,1.0,1.0,,1.0,4.0,1.0,2.0
141,Seg3,193,0,2,2,3,3,1.0,1.0,1.0,1.0,1.0,1.0,1.0,1.0,1.0,1.0,,1.0,3.0,2.0,1.0
142,Seg1,195,0,2,3,2,2,2.0,,,,,,,,,,,,,,
143,Seg1,198,0,2,3,2,2,2.0,2.0,2.0,1.0,2.0,1.0,1.0,1.0,1.0,3.0,,2.0,3.0,2.0,2.0
144,Seg1,199,0,2,4,2,2,2.0,1.0,1.0,1.0,1.0,1.0,1.0,1.0,1.0,1.0,,2.0,2.0,1.0,1.0
145,Seg1,200,0,1,4,2,2,3.0,4.0,,3.0,3.0,1.0,1.0,1.0,1.0,1.0,,1.0,2.0,1.0,1.0
146,Seg2,201,0,1,1,1,2,5.0,1.0,1.0,1.0,1.0,1.0,2.0,1.0,1.0,1.0,,1.0,3.0,1.0,1.0
147,Seg1,202,0,2,3,2,2,2.0,2.0,1.0,1.0,2.0,1.0,2.0,2.0,1.0,2.0,,1.0,4.0,1.0,1.0
148,Seg1,204,0,2,3,2,2,2.0,,,,,,,,,,,,,,
149,Seg1,205,0,2,4,3,2,2.0,2.0,2.0,1.0,2.0,1.0,2.0,2.0,2.0,3.0,,1.0,2.0,2.0,2.0
150,Seg2,206,0,1,3,1,2,2.0,2.0,3.0,1.0,1.0,1.0,3.0,3.0,2.0,4.0,,2.0,3.0,1.0,3.0
151,Seg3,208,0,2,2,2,2,4.0,,,,,,,,,,,,,,
152,Seg1,210,0,2,3,1,2,2.0,,,,,,,,,,,,,,
153,Seg1,212,0,2,4,2,2,2.0,1.0,1.0,1.0,1.0,1.0,1.0,1.0,1.0,4.0,,,,,
154,Seg3,213,0,2,2,3,2,1.0,1.0,2.0,1.0,2.0,1.0,1.0,1.0,1.0,1.0,,1.0,3.0,2.0,2.0
155,Seg3,215,0,2,2,2,3,1.0,,,,,,,,,,,,,,
156,Seg1,216,0,2,4,2,2,2.0,3.0,2.0,2.0,3.0,1.0,3.0,3.0,2.0,2.0,,1.0,2.0,1.0,1.0
157,Seg1,217,0,3,3,2,2,2.0,1.0,1.0,1.0,2.0,1.0,1.0,2.0,2.0,2.0,,1.0,3.0,1.0,1.0
158,Seg1,218,0,1,4,1,3,3.0,2.0,2.0,2.0,2.0,2.0,2.0,2.0,2.0,3.0,,1.0,2.0,2.0,2.0
159,Seg3,220,0,2,2,2,2,4.0,2.0,2.0,1.0,2.0,2.0,2.0,3.0,2.0,2.0,,2.0,3.0,3.0,2.0
160,Seg1,222,0,2,3,2,2,2.0,,,,,,,,,,,,,,
161,Seg3,224,0,2,2,2,2,4.0,1.0,1.0,1.0,1.0,1.0,1.0,2.0,2.0,2.0,,,,,
162,Seg1,225,0,2,4,1,2,2.0,3.0,2.0,3.0,2.0,1.0,1.0,1.0,2.0,2.0,,2.0,4.0,2.0,2.0
163,Seg1,226,0,2,4,2,1,3.0,1.0,1.0,1.0,2.0,1.0,2.0,2.0,1.0,2.0,drive thru,1.0,4.0,2.0,3.0
164,Seg3,227,0,2,3,2,3,1.0,2.0,2.0,2.0,2.0,1.0,2.0,1.0,1.0,3.0,,1.0,3.0,2.0,3.0
165,Seg1,228,0,2,3,2,1,3.0,2.0,2.0,2.0,3.0,1.0,1.0,1.0,1.0,3.0,,1.0,4.0,2.0,1.0
166,Seg3,235,0,3,2,3,4,1.0,,,,,,,,,,,,,,
167,Seg1,236,0,3,4,1,4,2.0,5.0,2.0,1.0,5.0,1.0,3.0,5.0,2.0,3.0,,1.0,3.0,3.0,2.0
168,Seg2,238,0,1,1,1,1,5.0,,,,,,,,,,,,,,
169,Seg3,239,0,1,1,3,2,4.0,2.0,1.0,1.0,1.0,1.0,1.0,1.0,1.0,1.0,,1.0,2.0,3.0,2.0
170,Seg2,240,0,1,1,1,1,5.0,1.0,2.0,1.0,5.0,1.0,2.0,2.0,1.0,3.0,,1.0,3.0,1.0,3.0
171,Seg3,241,0,3,4,3,3,1.0,1.0,1.0,1.0,1.0,1.0,1.0,1.0,1.0,1.0,,1.0,1.0,3.0,2.0
172,Seg1,242,0,2,4,2,1,3.0,2.0,2.0,1.0,4.0,2.0,2.0,2.0,2.0,4.0,,1.0,4.0,2.0,2.0
173,Seg3,243,0,2,2,2,2,4.0,1.0,2.0,2.0,1.0,1.0,2.0,2.0,1.0,3.0,"Good service (efficient, & quick for the type place)",1.0,3.0,3.0,2.0
174,Seg2,244,0,1,1,2,2,4.0,2.0,1.0,1.0,2.0,1.0,1.0,1.0,1.0,2.0,,1.0,1.0,3.0,2.0
175,Seg1,245,0,1,4,2,2,3.0,2.0,2.0,1.0,1.0,1.0,2.0,3.0,1.0,1.0,,2.0,2.0,2.0,1.0
176,Seg1,248,0,2,4,2,2,2.0,,,,,,,,,,,,,,
177,Seg1,249,0,1,4,2,2,3.0,2.0,1.0,2.0,2.0,1.0,2.0,2.0,1.0,2.0,,1.0,4.0,2.0,1.0
178,Seg3,250,0,2,3,2,4,1.0,1.0,3.0,1.0,5.0,1.0,5.0,3.0,1.0,5.0,,2.0,3.0,1.0,1.0
179,Seg2,251,0,1,2,2,2,4.0,1.0,2.0,1.0,3.0,1.0,1.0,3.0,2.0,3.0,,2.0,3.0,2.0,3.0
180,Seg3,252,0,3,2,2,2,4.0,2.0,3.0,1.0,1.0,1.0,1.0,1.0,1.0,5.0,,1.0,3.0,1.0,1.0
181,Seg1,253,0,3,3,2,1,2.0,2.0,2.0,1.0,3.0,1.0,1.0,1.0,1.0,3.0,,1.0,2.0,2.0,2.0
182,Seg1,254,0,2,3,2,2,2.0,2.0,1.0,1.0,1.0,1.0,1.0,1.0,1.0,2.0,,1.0,3.0,3.0,2.0
183,Seg3,255,0,3,3,3,3,1.0,2.0,2.0,1.0,2.0,1.0,2.0,2.0,2.0,3.0,,2.0,3.0,2.0,1.0
184,Seg1,257,0,2,4,2,2,2.0,,,,,,,,,,,,,,
185,Seg3,258,0,2,3,3,3,1.0,1.0,1.0,1.0,1.0,1.0,1.0,1.0,1.0,1.0,,2.0,2.0,1.0,1.0
186,Seg1,260,0,2,4,2,2,2.0,,,,,,,,,,,,,,
187,Seg2,261,0,1,2,1,1,5.0,2.0,1.0,1.0,1.0,2.0,2.0,2.0,2.0,4.0,,1.0,4.0,2.0,2.0
188,Seg3,264,0,2,3,3,2,1.0,,,,,,,,,,,,,,
189,Seg2,265,0,1,4,1,1,3.0,1.0,1.0,1.0,1.0,1.0,1.0,1.0,1.0,1.0,,1.0,3.0,1.0,1.0
190,Seg2,266,1,1,2,1,1,5.0,1.0,1.0,1.0,1.0,1.0,1.0,1.0,1.0,1.0,,1.0,3.0,1.0,2.0
191,Seg1,267,1,2,3,2,2,2.0,,,,,,,,,,,,,,
192,Seg3,268,1,2,2,2,2,4.0,1.0,1.0,1.0,1.0,1.0,1.0,1.0,1.0,1.0,,1.0,2.0,1.0,2.0
193,Seg1,269,1,3,3,2,1,3.0,1.0,2.0,2.0,2.0,2.0,2.0,3.0,2.0,3.0,,1.0,2.0,2.0,2.0
194,Seg2,270,1,2,3,1,1,2.0,2.0,2.0,2.0,2.0,2.0,2.0,3.0,2.0,2.0,,1.0,3.0,1.0,2.0
195,Seg2,271,1,1,3,2,1,3.0,,,,,,,,,,,1.0,1.0,2.0,2.0
196,Seg3,272,1,3,3,2,3,2.0,2.0,2.0,2.0,1.0,1.0,1.0,1.0,1.0,1.0,"Local owner, local restaurant",2.0,2.0,1.0,3.0
197,Seg2,273,1,1,4,1,1,3.0,1.0,3.0,2.0,1.0,1.0,2.0,2.0,1.0,5.0,,1.0,1.0,1.0,1.0
198,Seg2,274,1,2,3,1,1,2.0,2.0,2.0,1.0,2.0,1.0,2.0,2.0,1.0,3.0,,2.0,4.0,3.0,2.0
199,Seg1,275,1,2,3,2,1,2.0,2.0,1.0,1.0,1.0,1.0,2.0,2.0,1.0,1.0,,1.0,3.0,2.0,2.0
200,Seg2,278,1,2,2,2,1,4.0,2.0,2.0,1.0,1.0,1.0,1.0,1.0,1.0,2.0,,,,,
201,Seg1,279,1,2,3,2,2,2.0,2.0,2.0,1.0,2.0,1.0,1.0,1.0,1.0,2.0,,1.0,3.0,1.0,1.0
202,Seg1,280,1,3,4,2,2,4.0,1.0,1.0,1.0,1.0,1.0,2.0,1.0,1.0,3.0,,1.0,3.0,2.0,2.0
203,Seg2,281,1,1,3,1,1,5.0,2.0,1.0,2.0,1.0,1.0,2.0,2.0,1.0,3.0,,1.0,1.0,1.0,1.0
204,Seg2,283,1,2,2,1,2,4.0,2.0,2.0,1.0,1.0,1.0,1.0,1.0,1.0,1.0,,1.0,3.0,2.0,2.0
205,Seg1,284,1,2,4,2,2,2.0,,,,,,,,,,,,,,
206,Seg2,285,1,1,3,2,1,3.0,1.0,2.0,2.0,2.0,2.0,2.0,2.0,1.0,2.0,,2.0,4.0,2.0,2.0
207,Seg2,286,1,1,3,2,1,3.0,2.0,2.0,2.0,2.0,1.0,2.0,2.0,2.0,2.0,,1.0,3.0,3.0,2.0
208,Seg2,287,1,2,1,1,1,5.0,2.0,2.0,2.0,1.0,1.0,2.0,,1.0,3.0,,1.0,1.0,1.0,2.0
209,Seg3,288,1,3,2,2,2,3.0,1.0,1.0,1.0,1.0,1.0,2.0,2.0,2.0,2.0,Looking for low carb options,1.0,3.0,2.0,2.0
210,Seg2,289,1,1,4,2,1,3.0,1.0,2.0,1.0,1.0,1.0,1.0,2.0,2.0,2.0,,1.0,1.0,1.0,1.0
211,Seg1,290,1,3,3,2,1,3.0,1.0,2.0,1.0,1.0,1.0,1.0,1.0,1.0,2.0,,1.0,3.0,3.0,2.0
212,Seg2,291,1,1,4,1,1,3.0,2.0,2.0,1.0,1.0,1.0,4.0,2.0,1.0,4.0,,1.0,2.0,3.0,2.0
213,Seg3,292,1,1,4,3,3,1.0,1.0,2.0,1.0,1.0,1.0,2.0,1.0,1.0,2.0,,1.0,3.0,2.0,1.0
214,Seg2,293,1,1,2,1,2,4.0,3.0,1.0,1.0,2.0,1.0,2.0,2.0,1.0,2.0,,1.0,2.0,2.0,2.0
215,Seg2,294,1,1,2,2,1,4.0,,,,,,,,,,,1.0,3.0,1.0,1.0
216,Seg2,295,1,2,2,2,1,4.0,,,,,,,,,,,1.0,1.0,1.0,1.0
217,Seg1,296,1,3,2,1,2,5.0,1.0,1.0,1.0,1.0,1.0,2.0,2.0,2.0,3.0,,1.0,2.0,2.0,2.0
218,Seg3,298,1,2,2,3,1,3.0,1.0,2.0,1.0,2.0,1.0,2.0,2.0,1.0,2.0,,2.0,3.0,3.0,2.0
219,Seg1,299,1,1,4,2,2,2.0,,,,,,,,,,,,,,
220,Seg2,300,1,1,3,2,1,3.0,4.0,1.0,1.0,1.0,1.0,2.0,2.0,1.0,4.0,,1.0,3.0,3.0,2.0
221,Seg2,301,1,1,3,1,1,5.0,2.0,3.0,1.0,2.0,1.0,2.0,2.0,2.0,2.0,,1.0,3.0,3.0,2.0
222,Seg2,302,1,1,2,2,2,4.0,2.0,2.0,2.0,1.0,1.0,2.0,2.0,2.0,4.0,,1.0,3.0,3.0,2.0
223,Seg3,303,1,3,2,2,2,3.0,1.0,1.0,1.0,1.0,1.0,1.0,1.0,1.0,1.0,,2.0,2.0,2.0,2.0
224,Seg3,304,1,3,2,2,3,,,,,,,,,,,,,,,
225,Seg1,305,1,2,4,2,1,2.0,1.0,1.0,1.0,1.0,1.0,1.0,1.0,1.0,1.0,,1.0,2.0,2.0,2.0
226,Seg1,306,1,2,3,3,1,1.0,1.0,3.0,1.0,4.0,1.0,2.0,2.0,2.0,4.0,,1.0,2.0,1.0,2.0
227,Seg3,307,1,2,2,2,2,4.0,1.0,1.0,2.0,1.0,1.0,1.0,1.0,1.0,1.0,,1.0,2.0,1.0,2.0
228,Seg1,308,1,3,3,1,1,3.0,1.0,1.0,1.0,1.0,1.0,1.0,1.0,1.0,1.0,,1.0,2.0,1.0,1.0
229,Seg1,309,1,2,3,2,1,2.0,1.0,1.0,1.0,1.0,1.0,1.0,1.0,1.0,2.0,,1.0,3.0,1.0,2.0
230,Seg1,310,1,2,3,2,2,2.0,1.0,1.0,1.0,1.0,1.0,1.0,2.0,1.0,2.0,,2.0,3.0,2.0,2.0
231,Seg1,311,1,2,3,2,2,2.0,1.0,2.0,2.0,1.0,1.0,2.0,2.0,1.0,3.0,,1.0,3.0,2.0,2.0
232,Seg3,312,1,2,2,2,2,4.0,1.0,1.0,1.0,1.0,1.0,2.0,3.0,1.0,2.0,,1.0,2.0,1.0,2.0
233,Seg2,313,1,2,1,1,1,5.0,1.0,1.0,1.0,2.0,1.0,1.0,1.0,1.0,3.0,,1.0,3.0,2.0,1.0
234,Seg1,314,1,3,4,2,3,1.0,1.0,1.0,1.0,1.0,1.0,1.0,1.0,1.0,1.0,,1.0,2.0,3.0,2.0
235,Seg2,315,1,1,3,1,2,2.0,,,,,,,,,,,1.0,2.0,1.0,2.0
236,Seg3,316,1,2,1,2,2,4.0,1.0,2.0,4.0,4.0,1.0,2.0,2.0,2.0,3.0,,1.0,3.0,3.0,2.0
237,Seg2,317,1,1,4,2,1,3.0,1.0,3.0,3.0,3.0,1.0,2.0,3.0,2.0,1.0,"Organic meats, local produce",1.0,2.0,2.0,2.0
238,Seg1,318,1,2,3,2,1,3.0,1.0,1.0,1.0,1.0,1.0,1.0,2.0,2.0,3.0,,1.0,2.0,2.0,2.0
239,Seg3,319,1,2,4,2,4,5.0,2.0,3.0,2.0,1.0,1.0,2.0,2.0,1.0,3.0,,1.0,2.0,2.0,1.0
240,Seg2,320,1,1,3,2,1,3.0,1.0,2.0,1.0,1.0,1.0,2.0,2.0,2.0,2.0,coupons available for returning customers,1.0,3.0,2.0,2.0
241,Seg2,321,1,1,1,2,2,4.0,2.0,3.0,2.0,3.0,1.0,2.0,3.0,2.0,3.0,,1.0,3.0,2.0,2.0
242,Seg1,322,1,2,4,2,2,2.0,2.0,2.0,1.0,1.0,1.0,2.0,2.0,1.0,2.0,,1.0,3.0,2.0,2.0
243,Seg1,323,1,1,4,2,2,2.0,1.0,2.0,1.0,1.0,1.0,1.0,1.0,1.0,2.0,,2.0,2.0,1.0,2.0
244,Seg1,324,1,3,4,2,2,2.0,1.0,1.0,1.0,1.0,1.0,2.0,2.0,2.0,2.0,,2.0,2.0,2.0,1.0
245,Seg2,325,1,1,2,2,2,4.0,1.0,1.0,1.0,1.0,1.0,1.0,1.0,1.0,1.0,,1.0,2.0,1.0,2.0
246,Seg1,326,1,1,4,2,2,3.0,3.0,2.0,2.0,2.0,1.0,2.0,2.0,2.0,2.0,,2.0,3.0,1.0,1.0
247,Seg2,327,1,1,4,2,1,3.0,1.0,1.0,1.0,1.0,1.0,1.0,1.0,1.0,5.0,,1.0,1.0,1.0,1.0
248,Seg2,328,1,1,2,2,2,4.0,2.0,2.0,2.0,2.0,1.0,2.0,2.0,2.0,2.0,,1.0,2.0,2.0,1.0
249,Seg1,329,1,2,4,2,2,2.0,1.0,2.0,1.0,2.0,1.0,2.0,2.0,1.0,3.0,,1.0,2.0,2.0,1.0
250,Seg1,330,1,2,3,2,2,2.0,1.0,1.0,1.0,1.0,1.0,1.0,1.0,1.0,3.0,,1.0,2.0,3.0,2.0
251,Seg1,331,1,1,4,2,2,3.0,1.0,2.0,1.0,2.0,1.0,1.0,2.0,1.0,2.0,,1.0,3.0,3.0,2.0
252,Seg3,332,1,2,2,3,2,1.0,1.0,2.0,1.0,1.0,1.0,2.0,2.0,2.0,2.0,,1.0,2.0,3.0,2.0
253,Seg2,333,1,1,3,2,2,2.0,1.0,1.0,1.0,1.0,1.0,1.0,1.0,1.0,1.0,,1.0,3.0,2.0,2.0
254,Seg1,334,1,2,3,2,1,3.0,1.0,1.0,2.0,2.0,1.0,2.0,2.0,2.0,3.0,,2.0,4.0,1.0,2.0
255,Seg1,335,1,2,4,1,1,2.0,1.0,2.0,1.0,2.0,,1.0,2.0,1.0,2.0,,1.0,3.0,3.0,2.0
256,Seg2,336,1,1,4,1,2,2.0,2.0,2.0,1.0,1.0,1.0,2.0,2.0,1.0,2.0,,1.0,2.0,1.0,2.0
257,Seg1,337,1,3,4,2,2,2.0,1.0,3.0,2.0,1.0,1.0,2.0,2.0,1.0,2.0,,1.0,3.0,3.0,2.0
258,Seg2,338,1,2,2,1,2,4.0,1.0,2.0,2.0,2.0,1.0,1.0,2.0,1.0,2.0,,2.0,3.0,3.0,2.0
259,Seg1,339,1,3,4,2,2,2.0,1.0,2.0,2.0,3.0,2.0,3.0,4.0,2.0,2.0,,1.0,4.0,3.0,2.0
260,Seg2,340,1,1,4,2,1,3.0,1.0,2.0,2.0,2.0,2.0,1.0,2.0,2.0,2.0,,2.0,4.0,1.0,2.0
261,Seg2,341,1,1,4,1,1,3.0,2.0,3.0,3.0,2.0,1.0,2.0,2.0,1.0,2.0,,1.0,3.0,3.0,2.0
262,Seg2,342,1,1,3,2,1,3.0,2.0,2.0,1.0,1.0,1.0,1.0,1.0,1.0,2.0,,1.0,4.0,2.0,2.0
263,Seg1,343,1,1,4,2,2,3.0,1.0,1.0,1.0,1.0,1.0,1.0,1.0,1.0,1.0,,1.0,2.0,2.0,1.0
264,Seg1,344,1,1,4,2,2,3.0,2.0,3.0,1.0,1.0,1.0,1.0,2.0,1.0,3.0,,1.0,2.0,2.0,2.0
265,Seg1,345,1,2,4,2,2,2.0,2.0,2.0,1.0,2.0,1.0,2.0,2.0,1.0,2.0,,1.0,3.0,3.0,2.0
266,Seg3,346,1,2,3,2,3,1.0,2.0,2.0,1.0,1.0,1.0,2.0,2.0,1.0,2.0,,1.0,3.0,3.0,2.0
267,Seg1,347,1,1,4,4,1,1.0,1.0,2.0,2.0,2.0,1.0,2.0,2.0,1.0,2.0,,1.0,2.0,2.0,2.0
268,Seg1,348,1,2,4,2,1,2.0,1.0,2.0,1.0,3.0,1.0,2.0,2.0,1.0,3.0,,1.0,1.0,1.0,2.0
269,Seg1,349,1,2,4,2,2,2.0,1.0,4.0,1.0,1.0,1.0,5.0,5.0,4.0,5.0,,1.0,2.0,2.0,2.0
270,Seg2,350,1,1,1,1,1,5.0,1.0,,1.0,,1.0,1.0,1.0,1.0,1.0,,2.0,4.0,2.0,2.0
271,Seg2,351,1,2,2,2,1,4.0,3.0,2.0,1.0,2.0,1.0,1.0,1.0,1.0,3.0,,1.0,3.0,2.0,1.0
272,Seg2,352,1,1,2,1,2,4.0,1.0,1.0,1.0,1.0,1.0,2.0,1.0,1.0,2.0,,1.0,2.0,1.0,1.0
273,Seg3,353,1,2,2,2,2,4.0,2.0,3.0,2.0,1.0,1.0,2.0,2.0,2.0,3.0,,1.0,1.0,1.0,1.0
274,Seg2,354,1,1,4,2,1,3.0,1.0,1.0,1.0,1.0,1.0,1.0,1.0,1.0,1.0,,1.0,1.0,1.0,3.0
275,Seg2,355,1,1,4,2,1,3.0,2.0,2.0,2.0,2.0,2.0,2.0,2.0,2.0,3.0,,1.0,3.0,2.0,1.0
276,Seg1,356,1,3,4,2,1,3.0,1.0,1.0,1.0,1.0,1.0,1.0,2.0,1.0,2.0,,1.0,3.0,2.0,2.0
277,Seg3,357,1,2,3,3,2,1.0,1.0,2.0,1.0,1.0,1.0,2.0,2.0,1.0,2.0,,1.0,2.0,3.0,2.0
278,Seg2,359,1,1,4,1,1,3.0,,,,,,,,,,,1.0,1.0,2.0,3.0
279,Seg2,360,1,2,2,1,1,4.0,1.0,1.0,1.0,1.0,1.0,2.0,2.0,1.0,3.0,,1.0,3.0,2.0,2.0
280,Seg1,361,1,2,4,1,1,2.0,1.0,1.0,1.0,1.0,1.0,1.0,1.0,1.0,1.0,,1.0,3.0,1.0,1.0
281,Seg1,362,1,3,2,1,2,5.0,,,,,,,,,,,1.0,1.0,1.0,1.0
282,Seg3,363,1,2,2,2,2,4.0,2.0,2.0,2.0,2.0,1.0,1.0,2.0,1.0,1.0,Organic or local meat/produce,1.0,2.0,1.0,1.0
283,Seg2,364,1,1,2,1,1,5.0,,,,,,,,,,,1.0,1.0,2.0,2.0
284,Seg2,365,1,1,1,1,1,5.0,,,,,,,,,,,1.0,1.0,1.0,3.0
285,Seg3,366,1,2,3,2,3,1.0,2.0,1.0,1.0,1.0,1.0,1.0,1.0,2.0,2.0,,1.0,1.0,1.0,1.0
286,Seg3,367,1,2,2,2,2,4.0,1.0,1.0,1.0,1.0,1.0,1.0,1.0,1.0,,,1.0,1.0,3.0,1.0
287,Seg1,368,1,2,4,2,1,3.0,2.0,3.0,1.0,2.0,1.0,3.0,3.0,2.0,3.0,,1.0,2.0,1.0,1.0
288,Seg3,369,1,2,3,3,3,1.0,1.0,1.0,1.0,1.0,1.0,1.0,3.0,1.0,2.0,,1.0,2.0,2.0,2.0
289,Seg3,370,1,3,2,2,2,4.0,1.0,3.0,1.0,2.0,1.0,2.0,2.0,2.0,2.0,,2.0,3.0,3.0,2.0
290,Seg1,371,1,2,3,2,2,2.0,2.0,2.0,2.0,2.0,1.0,3.0,2.0,2.0,4.0,,1.0,2.0,3.0,2.0
291,Seg1,372,1,1,4,2,2,3.0,1.0,2.0,1.0,2.0,2.0,1.0,2.0,2.0,2.0,,2.0,2.0,1.0,2.0
292,Seg2,373,1,1,4,1,1,3.0,2.0,2.0,1.0,2.0,1.0,2.0,2.0,1.0,2.0,,1.0,2.0,1.0,1.0
293,Seg3,374,1,2,2,2,2,4.0,1.0,2.0,1.0,1.0,1.0,1.0,1.0,1.0,1.0,,1.0,2.0,2.0,1.0
294,Seg1,375,1,2,3,2,2,2.0,1.0,1.0,1.0,1.0,1.0,2.0,1.0,1.0,1.0,,1.0,3.0,3.0,2.0
295,Seg2,376,1,1,4,1,1,3.0,2.0,2.0,2.0,1.0,1.0,2.0,2.0,2.0,2.0,,1.0,2.0,2.0,1.0
296,Seg2,377,1,1,2,1,1,5.0,3.0,2.0,3.0,1.0,1.0,2.0,2.0,2.0,3.0,,1.0,2.0,1.0,2.0
297,Seg2,378,1,2,2,1,1,4.0,2.0,2.0,3.0,1.0,1.0,2.0,2.0,1.0,2.0,,1.0,2.0,3.0,2.0
298,Seg1,379,1,2,3,2,2,2.0,2.0,1.0,2.0,1.0,2.0,2.0,3.0,2.0,2.0,,1.0,3.0,2.0,2.0
299,Seg2,381,1,1,4,1,1,3.0,1.0,2.0,1.0,1.0,1.0,2.0,2.0,1.0,2.0,,1.0,2.0,1.0,1.0
300,Seg3,382,1,3,2,4,3,1.0,,,,,,,,,,,,,,
301,Seg2,383,1,1,3,2,1,3.0,2.0,2.0,1.0,1.0,1.0,1.0,2.0,1.0,2.0,,2.0,2.0,2.0,2.0
302,Seg1,384,1,2,3,2,2,2.0,2.0,2.0,2.0,3.0,1.0,2.0,2.0,1.0,4.0,,2.0,3.0,2.0,2.0
303,Seg1,385,1,2,3,2,2,2.0,1.0,1.0,1.0,1.0,1.0,1.0,1.0,1.0,2.0,,1.0,2.0,3.0,2.0
304,Seg1,386,1,3,2,2,1,3.0,2.0,2.0,1.0,2.0,1.0,2.0,3.0,1.0,3.0,,2.0,3.0,1.0,1.0
305,Seg2,387,1,1,4,2,1,3.0,2.0,1.0,1.0,2.0,1.0,1.0,3.0,2.0,3.0,,2.0,2.0,2.0,2.0
306,Seg1,388,1,2,3,2,2,2.0,2.0,1.0,1.0,1.0,1.0,1.0,2.0,1.0,2.0,,1.0,3.0,2.0,2.0
307,Seg3,389,1,3,2,2,2,4.0,1.0,1.0,1.0,1.0,1.0,2.0,2.0,1.0,2.0,,1.0,2.0,1.0,2.0
308,Seg2,390,1,2,2,2,1,4.0,2.0,2.0,1.0,2.0,1.0,1.0,2.0,1.0,2.0,,2.0,3.0,3.0,2.0
309,Seg2,391,1,1,4,2,1,3.0,1.0,1.0,1.0,1.0,1.0,2.0,2.0,2.0,3.0,,1.0,3.0,3.0,2.0
310,Seg1,392,1,2,4,1,2,5.0,2.0,1.0,1.0,1.0,1.0,2.0,2.0,2.0,2.0,,1.0,1.0,3.0,2.0
311,Seg2,393,1,1,4,2,1,3.0,2.0,2.0,1.0,1.0,2.0,2.0,2.0,2.0,2.0,,1.0,2.0,1.0,2.0
312,Seg1,394,1,2,4,2,1,3.0,3.0,2.0,2.0,2.0,1.0,2.0,3.0,1.0,2.0,,1.0,3.0,3.0,2.0
313,Seg2,395,1,1,2,2,2,4.0,1.0,1.0,1.0,3.0,1.0,1.0,1.0,1.0,1.0,,1.0,3.0,2.0,1.0
314,Seg1,396,1,3,2,1,2,4.0,1.0,1.0,1.0,1.0,1.0,1.0,2.0,1.0,2.0,,1.0,3.0,3.0,1.0
315,Seg3,397,1,2,3,2,3,1.0,1.0,1.0,1.0,2.0,1.0,2.0,2.0,2.0,2.0,,1.0,2.0,2.0,2.0
316,Seg2,398,1,2,3,1,1,5.0,2.0,2.0,2.0,4.0,1.0,2.0,2.0,1.0,1.0,,1.0,2.0,2.0,2.0
317,Seg1,399,1,2,3,1,2,3.0,3.0,3.0,1.0,3.0,1.0,2.0,1.0,1.0,1.0,,1.0,2.0,3.0,2.0
318,Seg2,400,1,1,3,1,2,2.0,2.0,2.0,1.0,1.0,1.0,1.0,2.0,1.0,1.0,,1.0,3.0,2.0,2.0
319,Seg2,401,1,1,3,2,2,2.0,1.0,1.0,1.0,1.0,1.0,2.0,2.0,1.0,1.0,,1.0,3.0,3.0,2.0
320,Seg2,402,1,2,2,2,1,4.0,1.0,1.0,1.0,1.0,1.0,1.0,1.0,1.0,1.0,,1.0,2.0,1.0,1.0
321,Seg2,403,1,1,3,1,1,5.0,1.0,1.0,1.0,1.0,1.0,2.0,1.0,1.0,1.0,,1.0,1.0,1.0,1.0
322,Seg1,404,1,2,3,1,2,3.0,2.0,2.0,1.0,1.0,1.0,2.0,2.0,1.0,2.0,,1.0,2.0,3.0,2.0
323,Seg2,406,1,1,4,1,1,3.0,1.0,2.0,1.0,1.0,1.0,1.0,1.0,1.0,2.0,,1.0,1.0,2.0,3.0
324,Seg1,407,1,4,4,2,2,4.0,2.0,2.0,2.0,1.0,1.0,2.0,2.0,1.0,3.0,,2.0,2.0,3.0,1.0
325,Seg3,408,1,2,2,2,2,4.0,2.0,2.0,1.0,1.0,1.0,2.0,2.0,1.0,2.0,,1.0,1.0,2.0,2.0
326,Seg1,410,1,3,3,2,2,3.0,2.0,1.0,1.0,1.0,1.0,1.0,1.0,1.0,2.0,,1.0,3.0,2.0,2.0
327,Seg2,411,1,1,2,2,2,4.0,1.0,1.0,1.0,1.0,1.0,1.0,1.0,1.0,1.0,,,,,
328,Seg2,412,1,2,2,1,2,4.0,2.0,2.0,2.0,2.0,1.0,2.0,2.0,1.0,2.0,,1.0,3.0,3.0,2.0
329,Seg1,413,1,3,4,1,2,4.0,1.0,1.0,2.0,2.0,1.0,2.0,2.0,2.0,5.0,,1.0,2.0,2.0,2.0
330,Seg2,414,1,1,4,2,1,3.0,2.0,1.0,1.0,2.0,1.0,1.0,2.0,1.0,3.0,,2.0,3.0,3.0,2.0
331,Seg1,415,1,3,2,2,1,3.0,2.0,3.0,3.0,2.0,1.0,2.0,1.0,1.0,1.0,,1.0,3.0,2.0,1.0
332,Seg2,416,1,2,2,1,2,4.0,1.0,2.0,1.0,1.0,1.0,1.0,1.0,1.0,2.0,Strongly Prefer Healthy Menu Options. :D,2.0,2.0,2.0,2.0
333,Seg3,417,1,2,2,2,3,1.0,1.0,3.0,1.0,1.0,1.0,1.0,1.0,1.0,1.0,,1.0,3.0,3.0,2.0
334,Seg2,418,1,1,2,1,1,5.0,1.0,1.0,1.0,2.0,1.0,2.0,2.0,1.0,2.0,,1.0,3.0,2.0,2.0
335,Seg1,419,1,2,4,2,1,3.0,1.0,1.0,1.0,2.0,1.0,1.0,1.0,1.0,1.0,,1.0,2.0,2.0,2.0
336,Seg3,420,1,2,2,2,2,4.0,1.0,1.0,1.0,1.0,1.0,1.0,1.0,1.0,1.0,,1.0,2.0,1.0,1.0
337,Seg3,421,1,2,3,3,3,1.0,2.0,2.0,2.0,3.0,1.0,2.0,2.0,1.0,2.0,,2.0,2.0,3.0,2.0
338,Seg2,422,1,1,3,1,1,5.0,1.0,1.0,1.0,1.0,1.0,1.0,1.0,1.0,3.0,,1.0,3.0,1.0,2.0
339,Seg1,423,1,1,4,2,2,3.0,1.0,1.0,1.0,2.0,1.0,2.0,2.0,1.0,2.0,,2.0,3.0,1.0,1.0
340,Seg2,424,1,2,2,1,2,4.0,2.0,1.0,1.0,1.0,1.0,2.0,2.0,1.0,2.0,Vegetarian options,1.0,2.0,2.0,2.0
341,Seg2,425,1,2,2,1,1,5.0,2.0,2.0,1.0,1.0,1.0,1.0,2.0,1.0,1.0,Needs to be different from what I cook and have available here in the Augusta County area.,1.0,3.0,2.0,2.0
342,Seg3,426,1,3,2,2,2,4.0,2.0,2.0,2.0,3.0,1.0,2.0,2.0,1.0,3.0,,1.0,2.0,3.0,2.0
343,Seg3,427,1,2,2,2,2,4.0,1.0,1.0,2.0,3.0,1.0,2.0,1.0,1.0,3.0,,1.0,2.0,3.0,2.0
344,Seg2,428,1,2,2,1,1,5.0,2.0,2.0,2.0,2.0,1.0,1.0,1.0,1.0,1.0,,1.0,2.0,2.0,2.0
345,Seg1,429,1,3,4,2,2,2.0,1.0,2.0,1.0,1.0,1.0,1.0,2.0,2.0,2.0,,1.0,1.0,1.0,1.0
346,Seg3,430,1,2,2,3,2,1.0,2.0,2.0,1.0,1.0,1.0,1.0,2.0,1.0,2.0,,1.0,2.0,1.0,1.0
347,Seg1,431,1,2,4,2,2,2.0,2.0,1.0,1.0,2.0,1.0,1.0,1.0,1.0,2.0,,1.0,3.0,3.0,2.0
348,Seg2,432,1,1,2,1,1,5.0,2.0,2.0,2.0,2.0,1.0,2.0,2.0,2.0,2.0,,1.0,2.0,2.0,2.0
349,Seg1,433,1,2,4,2,2,2.0,1.0,1.0,2.0,1.0,1.0,1.0,1.0,1.0,2.0,,1.0,3.0,3.0,2.0
350,Seg3,434,1,3,2,2,3,1.0,2.0,2.0,1.0,1.0,1.0,2.0,2.0,2.0,2.0,,2.0,2.0,3.0,2.0
351,Seg2,435,1,2,1,2,1,5.0,1.0,1.0,1.0,1.0,1.0,1.0,1.0,1.0,1.0,,1.0,2.0,2.0,2.0
352,Seg1,436,1,1,4,2,2,3.0,1.0,1.0,1.0,1.0,1.0,1.0,2.0,1.0,3.0,,2.0,2.0,1.0,1.0
353,Seg2,437,1,3,2,1,1,5.0,1.0,1.0,1.0,1.0,1.0,2.0,2.0,1.0,3.0,,1.0,2.0,2.0,2.0
354,Seg2,438,1,1,2,1,2,5.0,1.0,2.0,1.0,2.0,1.0,2.0,2.0,1.0,3.0,,1.0,3.0,2.0,2.0
355,Seg3,439,1,2,2,2,2,4.0,1.0,1.0,1.0,1.0,1.0,1.0,1.0,1.0,1.0,,2.0,2.0,3.0,2.0
356,Seg1,440,1,3,2,1,2,4.0,2.0,1.0,1.0,1.0,1.0,2.0,2.0,1.0,1.0,,1.0,2.0,3.0,2.0
357,Seg3,441,1,3,4,3,3,1.0,,,,,,,,,,,1.0,3.0,2.0,2.0
358,Seg1,442,1,3,4,1,1,5.0,1.0,1.0,1.0,1.0,1.0,1.0,1.0,1.0,1.0,Vegetarian Options are very important,1.0,3.0,2.0,2.0
359,Seg1,443,1,3,4,1,1,5.0,5.0,5.0,2.0,2.0,1.0,2.0,2.0,1.0,3.0,,1.0,2.0,3.0,2.0
360,Seg1,444,1,3,4,1,1,2.0,1.0,1.0,1.0,1.0,1.0,1.0,1.0,1.0,1.0,,1.0,2.0,1.0,2.0
361,Seg2,446,1,1,2,2,2,4.0,1.0,1.0,1.0,1.0,1.0,1.0,1.0,1.0,2.0,,1.0,3.0,2.0,2.0
362,Seg1,447,1,2,3,2,2,2.0,1.0,1.0,1.0,1.0,1.0,2.0,2.0,1.0,2.0,,,,,
363,Seg2,448,1,3,2,1,1,5.0,1.0,2.0,1.0,1.0,1.0,1.0,1.0,1.0,1.0,,1.0,2.0,2.0,2.0
364,Seg2,449,1,1,2,2,2,4.0,2.0,2.0,2.0,2.0,1.0,2.0,2.0,1.0,6.0,,1.0,3.0,2.0,2.0
365,Seg1,450,1,2,4,2,2,2.0,1.0,1.0,1.0,1.0,1.0,1.0,1.0,1.0,1.0,,2.0,3.0,2.0,2.0
366,Seg1,452,1,2,4,2,1,3.0,2.0,2.0,2.0,2.0,1.0,2.0,2.0,2.0,3.0,,1.0,3.0,3.0,2.0
367,Seg1,453,1,2,4,1,1,3.0,1.0,,,1.0,,,1.0,,,,2.0,2.0,2.0,2.0
368,Seg1,454,1,2,4,2,2,2.0,2.0,3.0,1.0,2.0,1.0,2.0,2.0,2.0,2.0,,1.0,1.0,2.0,2.0
369,Seg2,455,1,1,3,2,2,3.0,2.0,2.0,4.0,2.0,1.0,2.0,2.0,4.0,2.0,"Vegetarian options, local foods",1.0,2.0,3.0,2.0
370,Seg2,456,1,1,4,2,1,3.0,2.0,2.0,1.0,1.0,1.0,2.0,2.0,1.0,3.0,,2.0,4.0,2.0,2.0
371,Seg1,457,1,3,4,2,2,2.0,2.0,2.0,1.0,1.0,1.0,2.0,2.0,1.0,2.0,,2.0,3.0,3.0,2.0
372,Seg1,458,1,3,2,1,2,4.0,2.0,2.0,2.0,2.0,2.0,2.0,2.0,2.0,2.0,,1.0,3.0,2.0,1.0
373,Seg2,459,1,1,3,2,2,3.0,1.0,2.0,1.0,3.0,1.0,2.0,2.0,1.0,3.0,,1.0,1.0,1.0,1.0
374,Seg2,460,1,1,2,1,1,5.0,2.0,2.0,1.0,2.0,1.0,1.0,2.0,1.0,2.0,,1.0,3.0,2.0,2.0
375,Seg2,461,1,1,1,1,1,5.0,1.0,2.0,2.0,1.0,1.0,2.0,3.0,1.0,3.0,,2.0,2.0,1.0,1.0
376,Seg2,462,1,2,3,1,1,5.0,1.0,2.0,2.0,1.0,1.0,1.0,2.0,1.0,3.0,,1.0,2.0,1.0,1.0
377,Seg1,463,1,3,3,1,1,3.0,1.0,1.0,1.0,1.0,1.0,1.0,1.0,1.0,1.0,,2.0,1.0,3.0,1.0
378,Seg2,466,1,1,4,2,1,3.0,1.0,1.0,1.0,1.0,1.0,2.0,2.0,1.0,2.0,,,,,
379,Seg3,467,1,2,2,2,3,1.0,1.0,2.0,1.0,2.0,1.0,2.0,2.0,1.0,3.0,,2.0,2.0,2.0,2.0
380,Seg2,468,1,1,1,1,1,5.0,1.0,1.0,1.0,1.0,1.0,1.0,1.0,1.0,1.0,,1.0,2.0,2.0,2.0
381,Seg3,469,1,2,1,2,3,1.0,1.0,1.0,1.0,2.0,2.0,2.0,3.0,1.0,3.0,,1.0,3.0,2.0,2.0
382,Seg1,470,1,2,4,2,2,2.0,1.0,1.0,1.0,1.0,1.0,1.0,1.0,1.0,1.0,,1.0,2.0,1.0,1.0
383,Seg3,471,1,2,2,2,2,4.0,2.0,2.0,1.0,3.0,1.0,1.0,2.0,1.0,2.0,,1.0,2.0,1.0,2.0
384,Seg1,472,1,2,4,2,2,2.0,3.0,3.0,2.0,2.0,2.0,2.0,2.0,2.0,2.0,,2.0,4.0,3.0,2.0
385,Seg3,473,1,2,2,2,2,4.0,1.0,2.0,2.0,2.0,2.0,2.0,2.0,2.0,1.0,,1.0,3.0,3.0,2.0
386,Seg2,474,1,1,2,2,1,4.0,1.0,1.0,1.0,1.0,1.0,1.0,1.0,1.0,1.0,,1.0,3.0,3.0,1.0
387,Seg3,475,1,2,2,2,2,4.0,1.0,1.0,1.0,1.0,1.0,1.0,1.0,1.0,1.0,,2.0,3.0,2.0,2.0
388,Seg1,476,1,2,4,2,1,3.0,2.0,1.0,1.0,1.0,1.0,1.0,2.0,1.0,3.0,,2.0,2.0,1.0,2.0
389,Seg1,477,1,3,4,2,1,4.0,1.0,1.0,1.0,2.0,1.0,1.0,2.0,1.0,2.0,,2.0,2.0,1.0,1.0
390,Seg1,478,1,3,3,2,2,3.0,1.0,1.0,1.0,1.0,1.0,1.0,1.0,1.0,1.0,,1.0,3.0,2.0,2.0
391,Seg3,479,1,2,2,2,2,4.0,2.0,2.0,1.0,1.0,1.0,2.0,2.0,1.0,2.0,,1.0,4.0,1.0,1.0
392,Seg2,480,1,1,4,1,2,2.0,1.0,2.0,1.0,1.0,1.0,1.0,1.0,1.0,1.0,,1.0,3.0,2.0,1.0
393,Seg2,481,1,1,4,1,1,3.0,2.0,2.0,1.0,1.0,1.0,2.0,2.0,2.0,2.0,,1.0,3.0,1.0,2.0
394,Seg2,482,1,1,3,2,2,3.0,1.0,1.0,1.0,1.0,1.0,1.0,1.0,1.0,,,1.0,2.0,2.0,2.0
